cand,post,precision,recall,F1
0.6,0.0,1.0,0.8271604938271605,0.9054054054054054
0.6,0.0,1.0,0.7565217391304347,0.8613861386138614
0.6,0.0,1.0,0.7578125,0.8622222222222222
0.6,0.0,1.0,0.7172413793103448,0.8353413654618473
0.6,0.0,0.9454545454545454,0.7222222222222222,0.8188976377952756
0.6,0.0,1.0,0.7052631578947368,0.8271604938271605
0.6,0.0,1.0,0.7286821705426356,0.8430493273542601
0.6,0.0,1.0,0.635036496350365,0.7767857142857143
0.6,0.0,1.0,0.6779661016949152,0.8080808080808081
0.6,0.0,1.0,0.7123287671232876,0.832
0.6,0.0,1.0,0.6793893129770993,0.8090909090909091
0.6,0.0,1.0,0.6415094339622641,0.7816091954022989
0.6,0.0,1.0,0.5978260869565217,0.7482993197278912
0.6,0.0,1.0,0.6990291262135923,0.8228571428571428
0.6,0.0,1.0,0.6122448979591837,0.759493670886076
0.6,0.0,1.0,0.5643564356435643,0.7215189873417721
0.6,0.0,1.0,0.5733333333333334,0.7288135593220338
0.6,0.0,1.0,0.5905511811023622,0.7425742574257426
0.6,0.0,1.0,0.5961538461538461,0.7469879518072289
0.6,0.0,1.0,0.5508474576271186,0.7103825136612022
0.6,0.0,1.0,0.6473429951690821,0.7859237536656891
0.6,0.0,1.0,0.5698924731182796,0.726027397260274
0.6,0.0,0.8607594936708861,0.6017699115044248,0.7083333333333334
0.6,0.0,1.0,0.6277372262773723,0.7713004484304933
0.6,0.0,1.0,0.5941176470588235,0.7453874538745388
0.6,0.0,1.0,0.6593406593406593,0.7947019867549668
0.6,0.0,1.0,0.6470588235294118,0.7857142857142857
0.6,0.0,1.0,0.6699029126213593,0.8023255813953488
0.6,0.0,1.0,0.6233766233766234,0.768
0.6,0.0,1.0,0.5132743362831859,0.6783625730994152
0.6,0.0,1.0,0.5211267605633803,0.6851851851851852
0.6,0.0,1.0,0.624,0.7684729064039408
0.6,0.0,1.0,0.5471698113207547,0.7073170731707317
0.6,0.0,1.0,0.5979381443298969,0.7483870967741936
0.6,0.0,0.788235294117647,0.6767676767676768,0.7282608695652174
0.6,0.0,1.0,0.5865384615384616,0.7393939393939394
0.6,0.0,1.0,0.6483516483516484,0.7866666666666666
0.6,0.0,1.0,0.5306122448979592,0.6933333333333334
0.6,0.0,0.7894736842105263,0.5514705882352942,0.6493506493506493
0.6,0.0,1.0,0.5032679738562091,0.6695652173913044
0.6,0.0,1.0,0.6173913043478261,0.7634408602150538
0.6,0.0,1.0,0.6126760563380281,0.759825327510917
0.6,0.0,1.0,0.625,0.7692307692307693
0.6,0.0,0.7701149425287356,0.5537190082644629,0.6442307692307693
0.6,0.0,1.0,0.5433070866141733,0.7040816326530612
0.6,0.0,1.0,0.5688073394495413,0.7251461988304093
0.6,0.0,1.0,0.6357615894039735,0.7773279352226721
0.6,0.0,1.0,0.512987012987013,0.6781115879828327
0.6,0.0,1.0,0.5174825174825175,0.6820276497695853
0.6,0.0,1.0,0.5574712643678161,0.7158671586715867
0.6,0.0,0.5921052631578947,0.5921052631578947,0.5921052631578947
0.6,0.0,1.0,0.6265060240963856,0.7703703703703704
0.6,0.0,0.5217391304347826,0.5142857142857142,0.5179856115107914
0.6,0.0,1.0,0.6453900709219859,0.7844827586206896
0.6,0.0,1.0,0.5714285714285714,0.7272727272727273
0.6,0.0,1.0,0.5273972602739726,0.6905829596412556
0.6,0.0,0.5294117647058824,0.5538461538461539,0.5413533834586466
0.6,0.0,1.0,0.5631067961165048,0.7204968944099379
0.6,0.0,1.0,0.6333333333333333,0.7755102040816326
0.6,0.0,1.0,0.5168539325842697,0.6814814814814815
0.6,0.0,1.0,0.6507936507936508,0.7884615384615384
0.6,0.0,1.0,0.527027027027027,0.6902654867256637
0.6,0.0,0.6233766233766234,0.6,0.6114649681528662
0.6,0.0,1.0,0.46534653465346537,0.6351351351351351
0.6,0.0,1.0,0.5922330097087378,0.7439024390243902
0.6,0.0,1.0,0.5916666666666667,0.743455497382199
0.6,0.0,1.0,0.5060240963855421,0.672
0.6,0.0,1.0,0.5729166666666666,0.7284768211920529
0.6,0.0,1.0,0.4838709677419355,0.6521739130434783
0.6,0.0,1.0,0.6167664670658682,0.762962962962963
0.6,0.0,1.0,0.53125,0.6938775510204082
0.6,0.0,1.0,0.648936170212766,0.7870967741935484
0.6,0.0,1.0,0.5535714285714286,0.7126436781609196
0.6,0.0,1.0,0.5555555555555556,0.7142857142857143
0.6,0.0,1.0,0.6336633663366337,0.7757575757575758
0.6,0.0,1.0,0.6363636363636364,0.7777777777777778
0.6,0.0,1.0,0.5714285714285714,0.7272727272727273
0.6,0.0,1.0,0.6513761467889908,0.7888888888888889
0.6,0.0,1.0,0.6141732283464567,0.7609756097560976
0.6,0.0,1.0,0.5922330097087378,0.7439024390243902
0.6,1e-09,1.0,0.5454545454545454,0.7058823529411765
0.6,1e-09,1.0,0.5575221238938053,0.7159090909090909
0.6,1e-09,1.0,0.6062992125984252,0.7549019607843137
0.6,1e-09,0.3220338983050847,0.4634146341463415,0.38
0.6,1e-09,1.0,0.45918367346938777,0.6293706293706294
0.6,1e-09,1.0,0.6344827586206897,0.7763713080168776
0.6,1e-09,1.0,0.6486486486486487,0.7868852459016393
0.6,1e-09,1.0,0.6521739130434783,0.7894736842105263
0.6,1e-09,1.0,0.5460122699386503,0.7063492063492064
0.6,1e-09,1.0,0.6606060606060606,0.7956204379562044
0.6,1e-09,1.0,0.725,0.8405797101449275
0.6,1e-09,1.0,0.638095238095238,0.7790697674418605
0.6,1e-09,1.0,0.6790123456790124,0.8088235294117647
0.6,1e-09,0.7207207207207207,0.6896551724137931,0.7048458149779736
0.6,1e-09,1.0,0.6224489795918368,0.7672955974842768
0.6,1e-09,1.0,0.6037735849056604,0.7529411764705882
0.6,1e-09,1.0,0.6046511627906976,0.7536231884057971
0.6,1e-09,1.0,0.6046511627906976,0.7536231884057971
0.6,1e-09,1.0,0.6513761467889908,0.7888888888888889
0.6,1e-09,1.0,0.6530612244897959,0.7901234567901234
0.6,1e-09,1.0,0.5851063829787234,0.738255033557047
0.6,1e-09,1.0,0.6050420168067226,0.7539267015706806
0.6,1e-09,1.0,0.6190476190476191,0.7647058823529411
0.6,1e-09,1.0,0.5426829268292683,0.7035573122529645
0.6,1e-09,1.0,0.6086956521739131,0.7567567567567568
0.6,1e-09,0.5,0.5432098765432098,0.5207100591715976
0.6,1e-09,1.0,0.6402877697841727,0.7807017543859649
0.6,1e-09,1.0,0.6904761904761905,0.8169014084507042
0.6,1e-09,1.0,0.7094017094017094,0.83
0.6,1e-09,1.0,0.553030303030303,0.7121951219512195
0.6,1e-09,1.0,0.5575221238938053,0.7159090909090909
0.6,1e-09,1.0,0.6046511627906976,0.7536231884057971
0.6,1e-09,0.7421875,0.7089552238805971,0.7251908396946565
0.6,1e-09,1.0,0.6013071895424836,0.7510204081632653
0.6,1e-09,1.0,0.6470588235294118,0.7857142857142857
0.6,1e-09,1.0,0.6388888888888888,0.7796610169491526
0.6,1e-09,1.0,0.6551724137931034,0.7916666666666666
0.6,1e-09,1.0,0.5929203539823009,0.7444444444444445
0.6,1e-09,0.6555555555555556,0.6145833333333334,0.6344086021505376
0.6,1e-09,1.0,0.6593406593406593,0.7947019867549668
0.6,1e-09,1.0,0.672566371681416,0.8042328042328042
0.6,1e-09,1.0,0.6438356164383562,0.7833333333333333
0.6,1e-09,0.3533834586466165,0.6438356164383562,0.4563106796116505
0.6,1e-09,1.0,0.5714285714285714,0.7272727272727273
0.6,1e-09,1.0,0.7007299270072993,0.8240343347639485
0.6,1e-09,1.0,0.5867768595041323,0.7395833333333334
0.6,1e-09,1.0,0.6348314606741573,0.7766323024054983
0.6,1e-09,0.5,0.6461538461538462,0.5637583892617449
0.6,1e-09,1.0,0.735632183908046,0.847682119205298
0.6,1e-09,1.0,0.6296296296296297,0.7727272727272727
0.6,1e-09,1.0,0.5955882352941176,0.7465437788018433
0.6,1e-09,1.0,0.6597222222222222,0.7949790794979079
0.6,1e-09,1.0,0.6990291262135923,0.8228571428571428
0.6,1e-09,1.0,0.6701030927835051,0.8024691358024691
0.6,1e-09,1.0,0.7,0.8235294117647058
0.6,1e-09,1.0,0.6388888888888888,0.7796610169491526
0.6,1e-09,1.0,0.652542372881356,0.7897435897435897
0.6,1e-09,1.0,0.6571428571428571,0.7931034482758621
0.6,1e-09,1.0,0.6666666666666666,0.8
0.6,1e-09,1.0,0.6363636363636364,0.7777777777777778
0.6,1e-09,1.0,0.6511627906976745,0.7887323943661971
0.6,1e-09,1.0,0.616,0.7623762376237624
0.6,1e-09,1.0,0.6846846846846847,0.8128342245989305
0.6,1e-09,1.0,0.7154471544715447,0.8341232227488151
0.6,1e-09,1.0,0.5625,0.72
0.6,1e-09,1.0,0.6588235294117647,0.7943262411347518
0.6,1e-09,1.0,0.6145833333333334,0.7612903225806451
0.6,1e-09,1.0,0.676056338028169,0.8067226890756303
0.6,1e-09,1.0,0.6357142857142857,0.777292576419214
0.6,1e-09,1.0,0.6756756756756757,0.8064516129032258
0.6,1e-09,1.0,0.6693548387096774,0.8019323671497585
0.6,1e-09,1.0,0.6645161290322581,0.7984496124031008
0.6,1e-09,1.0,0.6419753086419753,0.7819548872180451
0.6,1e-09,1.0,0.5894736842105263,0.7417218543046358
0.6,1e-09,1.0,0.6558441558441559,0.792156862745098
0.6,1e-09,1.0,0.5876288659793815,0.7402597402597403
0.6,1e-09,1.0,0.6447368421052632,0.784
0.6,1e-09,1.0,0.6747967479674797,0.8058252427184466
0.6,1e-09,1.0,0.6062992125984252,0.7549019607843137
0.6,1e-09,1.0,0.6761904761904762,0.8068181818181818
0.6,0.001,1.0,0.6548672566371682,0.7914438502673797
0.6,0.001,1.0,0.6666666666666666,0.8
0.6,0.001,0.576271186440678,0.5964912280701754,0.5862068965517241
0.6,0.001,1.0,0.576271186440678,0.7311827956989247
0.6,0.001,1.0,0.7075471698113207,0.8287292817679558
0.6,0.001,1.0,0.6666666666666666,0.8
0.6,0.001,1.0,0.5695364238410596,0.7257383966244726
0.6,0.001,1.0,0.6121212121212121,0.7593984962406015
0.6,0.001,1.0,0.7070707070707071,0.8284023668639053
0.6,0.001,1.0,0.6384615384615384,0.7793427230046949
0.6,0.001,1.0,0.5808823529411765,0.7348837209302326
0.6,0.001,1.0,0.6542056074766355,0.7909604519774012
0.6,0.001,1.0,0.5798319327731093,0.7340425531914894
0.6,0.001,1.0,0.6288659793814433,0.7721518987341772
0.6,0.001,1.0,0.6705882352941176,0.8028169014084507
0.6,0.001,1.0,0.696969696969697,0.8214285714285714
0.6,0.001,1.0,0.6412213740458015,0.7813953488372093
0.6,0.001,1.0,0.6190476190476191,0.7647058823529411
0.6,0.001,1.0,0.6574074074074074,0.7932960893854749
0.6,0.001,1.0,0.5955056179775281,0.7464788732394366
0.6,0.001,1.0,0.6168831168831169,0.7630522088353414
0.6,0.001,1.0,0.5753424657534246,0.7304347826086957
0.6,0.001,1.0,0.6746987951807228,0.8057553956834532
0.6,0.001,1.0,0.7746478873239436,0.873015873015873
0.6,0.001,0.3,0.609375,0.4020618556701031
0.6,0.001,1.0,0.610738255033557,0.7583333333333333
0.6,0.001,0.58,0.6236559139784946,0.6010362694300518
0.6,0.001,1.0,0.668918918918919,0.8016194331983806
0.6,0.001,1.0,0.6754385964912281,0.806282722513089
0.6,0.001,1.0,0.625,0.7692307692307693
0.6,0.001,1.0,0.5882352941176471,0.7407407407407407
0.6,0.001,1.0,0.5443037974683544,0.7049180327868853
0.6,0.001,1.0,0.6307692307692307,0.7735849056603774
0.6,0.001,1.0,0.65,0.7878787878787878
0.6,0.001,1.0,0.6394557823129252,0.7800829875518672
0.6,0.001,1.0,0.6507936507936508,0.7884615384615384
0.6,0.001,1.0,0.5701754385964912,0.7262569832402235
0.6,0.001,0.4069767441860465,0.5833333333333334,0.4794520547945205
0.6,0.001,1.0,0.6015037593984962,0.7511737089201878
0.6,0.001,1.0,0.6923076923076923,0.8181818181818182
0.6,0.001,1.0,0.6195652173913043,0.7651006711409396
0.6,0.001,1.0,0.6607142857142857,0.7956989247311828
0.6,0.001,1.0,0.6756756756756757,0.8064516129032258
0.6,0.001,1.0,0.6788990825688074,0.8087431693989071
0.6,0.001,1.0,0.6504854368932039,0.788235294117647
0.6,0.001,1.0,0.6276595744680851,0.7712418300653595
0.6,0.001,1.0,0.5986842105263158,0.7489711934156379
0.6,0.001,1.0,0.7311827956989247,0.84472049689441
0.6,0.001,1.0,0.6174496644295302,0.7634854771784232
0.6,0.001,1.0,0.6518518518518519,0.7892376681614349
0.6,0.001,0.4367816091954023,0.6031746031746031,0.5066666666666667
0.6,0.001,1.0,0.59375,0.7450980392156863
0.6,0.001,1.0,0.622093023255814,0.7670250896057348
0.6,0.001,1.0,0.65,0.7878787878787878
0.6,0.001,1.0,0.7520661157024794,0.8584905660377359
0.6,0.001,1.0,0.5747126436781609,0.7299270072992701
0.6,0.001,1.0,0.7083333333333334,0.8292682926829268
0.6,0.001,1.0,0.6896551724137931,0.8163265306122449
0.6,0.001,1.0,0.628099173553719,0.7715736040609137
0.6,0.001,1.0,0.6538461538461539,0.7906976744186046
0.6,0.001,1.0,0.6788990825688074,0.8087431693989071
0.6,0.001,1.0,0.5894736842105263,0.7417218543046358
0.6,0.001,1.0,0.6904761904761905,0.8169014084507042
0.6,0.001,1.0,0.5901639344262295,0.7422680412371134
0.6,0.001,1.0,0.625,0.7692307692307693
0.6,0.001,1.0,0.6538461538461539,0.7906976744186046
0.6,0.001,1.0,0.5815217391304348,0.7353951890034365
0.6,0.001,1.0,0.7087378640776699,0.8295454545454546
0.6,0.001,1.0,0.6966292134831461,0.8211920529801324
0.6,0.001,1.0,0.6320754716981132,0.7745664739884393
0.6,0.001,1.0,0.6991150442477876,0.8229166666666666
0.6,0.001,1.0,0.6444444444444445,0.7837837837837838
0.6,0.001,1.0,0.6198347107438017,0.7653061224489796
0.6,0.001,1.0,0.711864406779661,0.8316831683168316
0.6,0.001,1.0,0.54,0.7012987012987013
0.6,0.001,1.0,0.6842105263157895,0.8125
0.6,0.001,0.36585365853658536,0.5084745762711864,0.425531914893617
0.6,0.001,1.0,0.6075949367088608,0.7559055118110236
0.6,0.001,1.0,0.5757575757575758,0.7307692307692307
0.6,0.001,1.0,0.525,0.6885245901639344
0.6,0.00316,1.0,0.6136363636363636,0.7605633802816901
0.6,0.00316,1.0,0.5526315789473685,0.711864406779661
0.6,0.00316,1.0,0.6235294117647059,0.7681159420289855
0.6,0.00316,1.0,0.6341463414634146,0.7761194029850746
0.6,0.00316,1.0,0.624113475177305,0.7685589519650655
0.6,0.00316,1.0,0.6218487394957983,0.7668393782383419
0.6,0.00316,1.0,0.5617977528089888,0.7194244604316546
0.6,0.00316,1.0,0.6556291390728477,0.792
0.6,0.00316,1.0,0.6014492753623188,0.751131221719457
0.6,0.00316,1.0,0.5813953488372093,0.7352941176470589
0.6,0.00316,1.0,0.7236842105263158,0.8396946564885496
0.6,0.00316,0.625,0.7142857142857143,0.6666666666666666
0.6,0.00316,1.0,0.6358695652173914,0.7774086378737541
0.6,0.00316,1.0,0.6020408163265306,0.7515923566878981
0.6,0.00316,1.0,0.6454545454545455,0.7845303867403315
0.6,0.00316,1.0,0.71875,0.8363636363636363
0.6,0.00316,1.0,0.6932515337423313,0.8188405797101449
0.6,0.00316,1.0,0.6857142857142857,0.8135593220338984
0.6,0.00316,1.0,0.7177914110429447,0.8357142857142857
0.6,0.00316,1.0,0.6476190476190476,0.7861271676300579
0.6,0.00316,1.0,0.585635359116022,0.7386759581881533
0.6,0.00316,1.0,0.7737226277372263,0.8724279835390947
0.6,0.00316,1.0,0.6904761904761905,0.8169014084507042
0.6,0.00316,1.0,0.7073170731707317,0.8285714285714286
0.6,0.00316,1.0,0.5,0.6666666666666666
0.6,0.00316,1.0,0.7272727272727273,0.8421052631578947
0.6,0.00316,1.0,0.6071428571428571,0.7555555555555555
0.6,0.00316,1.0,0.6276595744680851,0.7712418300653595
0.6,0.00316,1.0,0.6078431372549019,0.7560975609756098
0.6,0.00316,1.0,0.6302521008403361,0.7731958762886598
0.6,0.00316,1.0,0.7191011235955056,0.8366013071895425
0.6,0.00316,1.0,0.627906976744186,0.7714285714285715
0.6,0.00316,1.0,0.6434782608695652,0.783068783068783
0.6,0.00316,1.0,0.7093023255813954,0.8299319727891157
0.6,0.00316,1.0,0.5584415584415584,0.7166666666666667
0.6,0.00316,0.3178294573643411,0.6833333333333333,0.43386243386243384
0.6,0.00316,1.0,0.6311475409836066,0.7738693467336684
0.6,0.00316,1.0,0.631578947368421,0.7741935483870968
0.6,0.00316,0.4157303370786517,0.6607142857142857,0.5103448275862069
0.6,0.00316,1.0,0.7142857142857143,0.8333333333333334
0.6,0.00316,1.0,0.6449704142011834,0.7841726618705036
0.6,0.00316,1.0,0.6770833333333334,0.8074534161490683
0.6,0.00316,1.0,0.6741573033707865,0.8053691275167785
0.6,0.00316,0.5196078431372549,0.6973684210526315,0.5955056179775281
0.6,0.00316,1.0,0.6818181818181818,0.8108108108108109
0.6,0.00316,1.0,0.6621621621621622,0.7967479674796748
0.6,0.00316,1.0,0.6290322580645161,0.7722772277227723
0.6,0.00316,1.0,0.7117117117117117,0.8315789473684211
0.6,0.00316,1.0,0.6981132075471698,0.8222222222222222
0.6,0.00316,0.5462962962962963,0.7023809523809523,0.6145833333333334
0.6,0.00316,1.0,0.689922480620155,0.8165137614678899
0.6,0.00316,1.0,0.5408163265306123,0.7019867549668874
0.6,0.00316,1.0,0.6352941176470588,0.7769784172661871
0.6,0.00316,1.0,0.5822784810126582,0.736
0.6,0.00316,1.0,0.6594594594594595,0.7947882736156352
0.6,0.00316,1.0,0.6648648648648648,0.7987012987012987
0.6,0.00316,0.5327102803738317,0.6477272727272727,0.5846153846153846
0.6,0.00316,1.0,0.632183908045977,0.7746478873239436
0.6,0.00316,1.0,0.7087378640776699,0.8295454545454546
0.6,0.00316,1.0,0.6835443037974683,0.8120300751879699
0.6,0.00316,1.0,0.75,0.8571428571428571
0.6,0.00316,1.0,0.7355371900826446,0.8476190476190476
0.6,0.00316,0.38823529411764707,0.559322033898305,0.4583333333333333
0.6,0.00316,0.23880597014925373,0.64,0.34782608695652173
0.6,0.00316,1.0,0.6851851851851852,0.8131868131868132
0.6,0.00316,0.5142857142857142,0.6136363636363636,0.5595854922279793
0.6,0.00316,1.0,0.5647058823529412,0.7218045112781954
0.6,0.00316,1.0,0.5348837209302325,0.696969696969697
0.6,0.00316,1.0,0.6352941176470588,0.7769784172661871
0.6,0.00316,1.0,0.6363636363636364,0.7777777777777778
0.6,0.00316,1.0,0.5913978494623656,0.7432432432432432
0.6,0.00316,1.0,0.6422018348623854,0.7821229050279329
0.6,0.00316,1.0,0.7216494845360825,0.8383233532934131
0.6,0.00316,1.0,0.7215909090909091,0.8382838283828383
0.6,0.00316,1.0,0.7184466019417476,0.8361581920903954
0.6,0.00316,1.0,0.65,0.7878787878787878
0.6,0.00316,1.0,0.6666666666666666,0.8
0.6,0.00316,1.0,0.5371900826446281,0.6989247311827957
0.6,0.00316,1.0,0.6434108527131783,0.7830188679245284
0.6,0.00316,1.0,0.6222222222222222,0.7671232876712328
0.6,0.01,1.0,0.6262626262626263,0.7701863354037267
0.6,0.01,1.0,0.697986577181208,0.8221343873517787
0.6,0.01,1.0,0.5662650602409639,0.7230769230769231
0.6,0.01,1.0,0.6666666666666666,0.8
0.6,0.01,1.0,0.6883116883116883,0.8153846153846154
0.6,0.01,1.0,0.6173913043478261,0.7634408602150538
0.6,0.01,1.0,0.6176470588235294,0.7636363636363637
0.6,0.01,1.0,0.7034482758620689,0.8259109311740891
0.6,0.01,1.0,0.7142857142857143,0.8333333333333334
0.6,0.01,1.0,0.7291666666666666,0.8433734939759037
0.6,0.01,1.0,0.693069306930693,0.8187134502923976
0.6,0.01,0.4563106796116505,0.6438356164383562,0.5340909090909091
0.6,0.01,1.0,0.7087378640776699,0.8295454545454546
0.6,0.01,1.0,0.5925925925925926,0.7441860465116279
0.6,0.01,1.0,0.7410071942446043,0.8512396694214877
0.6,0.01,1.0,0.6470588235294118,0.7857142857142857
0.6,0.01,1.0,0.6893203883495146,0.8160919540229885
0.6,0.01,0.525,0.63,0.5727272727272728
0.6,0.01,1.0,0.5967741935483871,0.7474747474747475
0.6,0.01,0.4883720930232558,0.65625,0.56
0.6,0.01,1.0,0.7422680412371134,0.8520710059171598
0.6,0.01,1.0,0.5977011494252874,0.7482014388489209
0.6,0.01,1.0,0.75,0.8571428571428571
0.6,0.01,1.0,0.6578947368421053,0.7936507936507936
0.6,0.01,1.0,0.6666666666666666,0.8
0.6,0.01,0.2198581560283688,0.6326530612244898,0.3263157894736842
0.6,0.01,1.0,0.6545454545454545,0.7912087912087912
0.6,0.01,1.0,0.6442307692307693,0.783625730994152
0.6,0.01,1.0,0.7016129032258065,0.8246445497630331
0.6,0.01,1.0,0.6776859504132231,0.8078817733990148
0.6,0.01,1.0,0.6992481203007519,0.8230088495575221
0.6,0.01,1.0,0.6666666666666666,0.8
0.6,0.01,1.0,0.6363636363636364,0.7777777777777778
0.6,0.01,1.0,0.6454545454545455,0.7845303867403315
0.6,0.01,0.4895833333333333,0.6266666666666667,0.5497076023391813
0.6,0.01,1.0,0.6666666666666666,0.8
0.6,0.01,1.0,0.539568345323741,0.7009345794392523
0.6,0.01,1.0,0.5968992248062015,0.7475728155339806
0.6,0.01,1.0,0.6964285714285714,0.8210526315789474
0.6,0.01,1.0,0.6370370370370371,0.7782805429864253
0.6,0.01,0.5392156862745098,0.6470588235294118,0.5882352941176471
0.6,0.01,1.0,0.6666666666666666,0.8
0.6,0.01,0.45263157894736844,0.6515151515151515,0.5341614906832298
0.6,0.01,1.0,0.6721311475409836,0.803921568627451
0.6,0.01,1.0,0.5877862595419847,0.7403846153846154
0.6,0.01,1.0,0.7327586206896551,0.845771144278607
0.6,0.01,1.0,0.6609195402298851,0.7958477508650519
0.6,0.01,0.19473684210526315,0.6491228070175439,0.29959514170040485
0.6,0.01,1.0,0.6607142857142857,0.7956989247311828
0.6,0.01,1.0,0.55,0.7096774193548387
0.6,0.01,1.0,0.6239316239316239,0.7684210526315789
0.6,0.01,0.6216216216216216,0.6634615384615384,0.641860465116279
0.6,0.01,1.0,0.7819548872180451,0.8776371308016878
0.6,0.01,1.0,0.6458333333333334,0.7848101265822784
0.6,0.01,1.0,0.6875,0.8148148148148148
0.6,0.01,1.0,0.6739130434782609,0.8051948051948052
0.6,0.01,1.0,0.7391304347826086,0.85
0.6,0.01,1.0,0.6691729323308271,0.8018018018018018
0.6,0.01,1.0,0.7142857142857143,0.8333333333333334
0.6,0.01,1.0,0.6339285714285714,0.7759562841530054
0.6,0.01,1.0,0.6448598130841121,0.7840909090909091
0.6,0.01,1.0,0.5981308411214953,0.7485380116959064
0.6,0.01,1.0,0.6716417910447762,0.8035714285714286
0.6,0.01,1.0,0.593939393939394,0.7452471482889734
0.6,0.01,1.0,0.78125,0.8771929824561403
0.6,0.01,1.0,0.6438356164383562,0.7833333333333333
0.6,0.01,1.0,0.6571428571428571,0.7931034482758621
0.6,0.01,1.0,0.6790123456790124,0.8088235294117647
0.6,0.01,1.0,0.7009345794392523,0.8241758241758241
0.6,0.01,1.0,0.7052631578947368,0.8271604938271605
0.6,0.01,1.0,0.6666666666666666,0.8
0.6,0.01,1.0,0.5849056603773585,0.7380952380952381
0.6,0.01,1.0,0.7070707070707071,0.8284023668639053
0.6,0.01,0.449438202247191,0.6060606060606061,0.5161290322580645
0.6,0.01,0.5405405405405406,0.6666666666666666,0.5970149253731343
0.6,0.01,1.0,0.6891891891891891,0.816
0.6,0.01,1.0,0.6129032258064516,0.76
0.6,0.01,1.0,0.6190476190476191,0.7647058823529411
0.6,0.01,1.0,0.648,0.7864077669902912
0.6,0.01,0.265625,0.5230769230769231,0.35233160621761656
0.6,0.0316,1.0,0.6862745098039216,0.813953488372093
0.6,0.0316,1.0,0.6493506493506493,0.7874015748031497
0.6,0.0316,1.0,0.696969696969697,0.8214285714285714
0.6,0.0316,1.0,0.5984848484848485,0.7488151658767772
0.6,0.0316,0.28187919463087246,0.6461538461538462,0.3925233644859813
0.6,0.0316,1.0,0.6909090909090909,0.8172043010752689
0.6,0.0316,1.0,0.6515151515151515,0.7889908256880734
0.6,0.0316,1.0,0.5982905982905983,0.7486631016042781
0.6,0.0316,1.0,0.6438356164383562,0.7833333333333333
0.6,0.0316,0.5392156862745098,0.5612244897959183,0.55
0.6,0.0316,1.0,0.6721311475409836,0.803921568627451
0.6,0.0316,1.0,0.5882352941176471,0.7407407407407407
0.6,0.0316,1.0,0.6545454545454545,0.7912087912087912
0.6,0.0316,1.0,0.568,0.7244897959183674
0.6,0.0316,1.0,0.6857142857142857,0.8135593220338984
0.6,0.0316,1.0,0.6170212765957447,0.7631578947368421
0.6,0.0316,1.0,0.7,0.8235294117647058
0.6,0.0316,1.0,0.6593406593406593,0.7947019867549668
0.6,0.0316,1.0,0.6612903225806451,0.7961165048543689
0.6,0.0316,1.0,0.6666666666666666,0.8
0.6,0.0316,1.0,0.6846846846846847,0.8128342245989305
0.6,0.0316,1.0,0.6,0.75
0.6,0.0316,1.0,0.6336633663366337,0.7757575757575758
0.6,0.0316,1.0,0.64,0.7804878048780488
0.6,0.0316,1.0,0.6086956521739131,0.7567567567567568
0.6,0.0316,1.0,0.6388888888888888,0.7796610169491526
0.6,0.0316,1.0,0.6810344827586207,0.8102564102564103
0.6,0.0316,1.0,0.7181208053691275,0.8359375
0.6,0.0316,0.3448275862068966,0.7142857142857143,0.46511627906976744
0.6,0.0316,1.0,0.6176470588235294,0.7636363636363637
0.6,0.0316,1.0,0.7238095238095238,0.8397790055248618
0.6,0.0316,1.0,0.7378640776699029,0.8491620111731844
0.6,0.0316,1.0,0.5916666666666667,0.743455497382199
0.6,0.0316,1.0,0.672,0.8038277511961722
0.6,0.0316,0.47959183673469385,0.7014925373134329,0.5696969696969697
0.6,0.0316,0.5826086956521739,0.6320754716981132,0.6063348416289592
0.6,0.0316,1.0,0.6370967741935484,0.7783251231527094
0.6,0.0316,1.0,0.5492957746478874,0.7090909090909091
0.6,0.0316,0.2653061224489796,0.5735294117647058,0.3627906976744186
0.6,0.0316,0.5510204081632653,0.6666666666666666,0.6033519553072626
0.6,0.0316,1.0,0.6759259259259259,0.8066298342541437
0.6,0.0316,1.0,0.711864406779661,0.8316831683168316
0.6,0.0316,1.0,0.6623376623376623,0.796875
0.6,0.0316,0.4878048780487805,0.5633802816901409,0.5228758169934641
0.6,0.0316,1.0,0.5428571428571428,0.7037037037037037
0.6,0.0316,0.5045045045045045,0.7088607594936709,0.5894736842105263
0.6,0.0316,1.0,0.5714285714285714,0.7272727272727273
0.6,0.0316,1.0,0.6081081081081081,0.7563025210084033
0.6,0.0316,1.0,0.5806451612903226,0.7346938775510204
0.6,0.0316,1.0,0.5641025641025641,0.7213114754098361
0.6,0.0316,0.5454545454545454,0.7252747252747253,0.6226415094339622
0.6,0.0316,1.0,0.6504854368932039,0.788235294117647
0.6,0.0316,1.0,0.7222222222222222,0.8387096774193549
0.6,0.0316,1.0,0.6299212598425197,0.7729468599033816
0.6,0.0316,1.0,0.5785123966942148,0.7329842931937173
0.6,0.0316,0.5462962962962963,0.6704545454545454,0.6020408163265306
0.6,0.0316,0.5377358490566038,0.7037037037037037,0.6096256684491979
0.6,0.0316,1.0,0.6530612244897959,0.7901234567901234
0.6,0.0316,1.0,0.6730769230769231,0.8045977011494253
0.6,0.0316,1.0,0.6818181818181818,0.8108108108108109
0.6,0.0316,1.0,0.6274509803921569,0.7710843373493976
0.6,0.0316,1.0,0.680672268907563,0.81
0.6,0.0316,1.0,0.6785714285714286,0.8085106382978723
0.6,0.0316,1.0,0.6814814814814815,0.8105726872246696
0.6,0.0316,1.0,0.6601307189542484,0.7952755905511811
0.6,0.0316,1.0,0.6574074074074074,0.7932960893854749
0.6,0.0316,1.0,0.7755102040816326,0.8735632183908046
0.6,0.0316,1.0,0.631578947368421,0.7741935483870968
0.6,0.0316,0.08333333333333333,0.5757575757575758,0.14559386973180077
0.6,0.0316,1.0,0.6956521739130435,0.8205128205128205
0.6,0.0316,1.0,0.56,0.717948717948718
0.6,0.0316,1.0,0.7264957264957265,0.8415841584158416
0.6,0.0316,1.0,0.6379310344827587,0.7789473684210526
0.6,0.0316,1.0,0.6456692913385826,0.784688995215311
0.6,0.0316,1.0,0.7560975609756098,0.8611111111111112
0.6,0.0316,1.0,0.6992481203007519,0.8230088495575221
0.6,0.0316,1.0,0.7090909090909091,0.8297872340425532
0.6,0.0316,1.0,0.708029197080292,0.8290598290598291
0.6,0.0316,1.0,0.7121212121212122,0.831858407079646
0.6,0.0316,1.0,0.6388888888888888,0.7796610169491526
0.6,0.01,1.0,0.6590909090909091,0.7945205479452054
0.6,0.01,1.0,0.6020408163265306,0.7515923566878981
0.6,0.01,1.0,0.6827586206896552,0.8114754098360656
0.6,0.01,1.0,0.6759259259259259,0.8066298342541437
0.6,0.01,1.0,0.6964285714285714,0.8210526315789474
0.6,0.01,1.0,0.684931506849315,0.8130081300813008
0.6,0.01,1.0,0.6296296296296297,0.7727272727272727
0.6,0.01,1.0,0.5904761904761905,0.7425149700598802
0.6,0.01,1.0,0.6979166666666666,0.8220858895705522
0.6,0.01,1.0,0.6129032258064516,0.76
0.6,0.01,1.0,0.5899280575539568,0.7420814479638009
0.6,0.01,0.36,0.6666666666666666,0.4675324675324675
0.6,0.01,1.0,0.660377358490566,0.7954545454545454
0.6,0.01,1.0,0.6183206106870229,0.7641509433962265
0.6,0.01,1.0,0.6455696202531646,0.7846153846153846
0.6,0.01,0.5128205128205128,0.6185567010309279,0.5607476635514018
0.6,0.01,1.0,0.6179775280898876,0.7638888888888888
0.6,0.01,0.44761904761904764,0.6438356164383562,0.5280898876404494
0.6,0.01,1.0,0.7046979865771812,0.8267716535433071
0.6,0.01,1.0,0.6574585635359116,0.7933333333333333
0.6,0.01,1.0,0.6086956521739131,0.7567567567567568
0.6,0.01,1.0,0.5802469135802469,0.734375
0.6,0.01,1.0,0.6078431372549019,0.7560975609756098
0.6,0.01,1.0,0.7350427350427351,0.8472906403940886
0.6,0.01,1.0,0.5523809523809524,0.7116564417177914
0.6,0.01,1.0,0.6911764705882353,0.8173913043478261
0.6,0.01,1.0,0.6386138613861386,0.7794561933534743
0.6,0.01,1.0,0.5636363636363636,0.7209302325581395
0.6,0.01,1.0,0.6105263157894737,0.7581699346405228
0.6,0.01,1.0,0.543859649122807,0.7045454545454546
0.6,0.01,1.0,0.6792452830188679,0.8089887640449438
0.6,0.01,1.0,0.7272727272727273,0.8421052631578947
0.6,0.01,1.0,0.7272727272727273,0.8421052631578947
0.6,0.01,1.0,0.6794871794871795,0.8091603053435115
0.6,0.01,1.0,0.6463414634146342,0.7851851851851852
0.6,0.01,1.0,0.6074074074074074,0.7557603686635944
0.6,0.01,1.0,0.6907216494845361,0.8170731707317073
0.6,0.01,1.0,0.6194690265486725,0.7650273224043715
0.6,0.01,0.4631578947368421,0.6470588235294118,0.5398773006134969
0.6,0.01,1.0,0.74,0.8505747126436781
0.6,0.01,1.0,0.6139240506329114,0.7607843137254902
0.6,0.01,1.0,0.6382978723404256,0.7792207792207793
0.6,0.01,1.0,0.6446280991735537,0.7839195979899497
0.6,0.01,1.0,0.7425742574257426,0.8522727272727273
0.6,0.01,1.0,0.6962025316455697,0.8208955223880597
0.6,0.01,1.0,0.6341463414634146,0.7761194029850746
0.6,0.01,1.0,0.6692913385826772,0.8018867924528302
0.6,0.01,1.0,0.6090225563909775,0.7570093457943925
0.6,0.01,1.0,0.6847826086956522,0.8129032258064516
0.6,0.01,1.0,0.75,0.8571428571428571
0.6,0.01,1.0,0.5986394557823129,0.7489361702127659
0.6,0.01,1.0,0.5373134328358209,0.6990291262135923
0.6,0.01,1.0,0.5968992248062015,0.7475728155339806
0.6,0.01,0.46,0.6216216216216216,0.5287356321839081
0.6,0.01,1.0,0.6451612903225806,0.7843137254901961
0.6,0.01,0.5294117647058824,0.6428571428571429,0.5806451612903226
0.6,0.01,1.0,0.6854838709677419,0.8133971291866029
0.6,0.01,1.0,0.6363636363636364,0.7777777777777778
0.6,0.01,1.0,0.6952380952380952,0.8202247191011236
0.6,0.01,1.0,0.6614583333333334,0.7962382445141066
0.6,0.01,1.0,0.6710526315789473,0.8031496062992126
0.6,0.01,1.0,0.6744186046511628,0.8055555555555556
0.6,0.01,1.0,0.6283185840707964,0.7717391304347826
0.6,0.01,1.0,0.6888888888888889,0.8157894736842105
0.6,0.01,1.0,0.7017543859649122,0.8247422680412371
0.6,0.01,1.0,0.6029411764705882,0.7522935779816514
0.6,0.01,1.0,0.7407407407407407,0.851063829787234
0.6,0.01,1.0,0.6862745098039216,0.813953488372093
0.6,0.01,1.0,0.7025641025641025,0.8253012048192772
0.6,0.01,1.0,0.8061224489795918,0.8926553672316384
0.6,0.01,1.0,0.7280701754385965,0.8426395939086294
0.6,0.01,0.6037735849056604,0.6336633663366337,0.6183574879227053
0.6,0.01,1.0,0.6415094339622641,0.7816091954022989
0.6,0.01,0.5151515151515151,0.5604395604395604,0.5368421052631579
0.6,0.01,1.0,0.6666666666666666,0.8
0.6,0.01,1.0,0.7333333333333333,0.8461538461538461
0.6,0.01,1.0,0.7011494252873564,0.8243243243243243
0.6,0.01,1.0,0.6285714285714286,0.7719298245614035
0.6,0.01,1.0,0.6285714285714286,0.7719298245614035
0.6,0.01,1.0,0.6463414634146342,0.7851851851851852
0.6,0.0316,1.0,0.697841726618705,0.8220338983050848
0.6,0.0316,1.0,0.6875,0.8148148148148148
0.6,0.0316,1.0,0.6982758620689655,0.8223350253807107
0.6,0.0316,1.0,0.6435643564356436,0.7831325301204819
0.6,0.0316,1.0,0.7252747252747253,0.8407643312101911
0.6,0.0316,0.47058823529411764,0.6666666666666666,0.5517241379310345
0.6,0.0316,0.28776978417266186,0.6451612903225806,0.39800995024875624
0.6,0.0316,0.45263157894736844,0.6935483870967742,0.5477707006369427
0.6,0.0316,1.0,0.6083916083916084,0.7565217391304347
0.6,0.0316,1.0,0.638095238095238,0.7790697674418605
0.6,0.0316,0.45714285714285713,0.631578947368421,0.5303867403314917
0.6,0.0316,1.0,0.6564885496183206,0.7926267281105991
0.6,0.0316,1.0,0.7088607594936709,0.8296296296296296
0.6,0.0316,1.0,0.7,0.8235294117647058
0.6,0.0316,1.0,0.7209302325581395,0.8378378378378378
0.6,0.0316,1.0,0.6826923076923077,0.8114285714285714
0.6,0.0316,1.0,0.6708860759493671,0.803030303030303
0.6,0.0316,1.0,0.5245901639344263,0.6881720430107527
0.6,0.0316,1.0,0.7471264367816092,0.8552631578947368
0.6,0.0316,1.0,0.6307692307692307,0.7735849056603774
0.6,0.0316,1.0,0.7319587628865979,0.8452380952380952
0.6,0.0316,0.5431034482758621,0.6774193548387096,0.6028708133971292
0.6,0.0316,0.45348837209302323,0.6842105263157895,0.5454545454545454
0.6,0.0316,1.0,0.7419354838709677,0.8518518518518519
0.6,0.0316,1.0,0.6931818181818182,0.8187919463087249
0.6,0.0316,1.0,0.6753246753246753,0.8062015503875969
0.6,0.0316,1.0,0.7297297297297297,0.84375
0.6,0.0316,1.0,0.64,0.7804878048780488
0.6,0.0316,1.0,0.6976744186046512,0.821917808219178
0.6,0.0316,1.0,0.6699029126213593,0.8023255813953488
0.6,0.0316,1.0,0.5897435897435898,0.7419354838709677
0.6,0.0316,1.0,0.58,0.7341772151898734
0.6,0.0316,0.51,0.6986301369863014,0.5895953757225434
0.6,0.0316,1.0,0.7391304347826086,0.85
0.6,0.0316,1.0,0.7578125,0.8622222222222222
0.6,0.0316,1.0,0.6986301369863014,0.8225806451612904
0.6,0.0316,1.0,0.6944444444444444,0.819672131147541
0.6,0.0316,1.0,0.6884057971014492,0.8154506437768241
0.6,0.0316,1.0,0.7168141592920354,0.8350515463917526
0.6,0.0316,1.0,0.6857142857142857,0.8135593220338984
0.6,0.0316,1.0,0.7410714285714286,0.8512820512820513
0.6,0.0316,1.0,0.6413043478260869,0.7814569536423841
0.6,0.0316,1.0,0.726027397260274,0.8412698412698413
0.6,0.0316,1.0,0.6545454545454545,0.7912087912087912
0.6,0.0316,1.0,0.6272727272727273,0.770949720670391
0.6,0.0316,1.0,0.7058823529411765,0.8275862068965517
0.6,0.0316,1.0,0.7419354838709677,0.8518518518518519
0.6,0.0316,1.0,0.5934065934065934,0.7448275862068966
0.6,0.0316,0.4074074074074074,0.5689655172413793,0.4748201438848921
0.6,0.0316,1.0,0.6868686868686869,0.8143712574850299
0.6,0.0316,1.0,0.7567567567567568,0.8615384615384616
0.6,0.0316,1.0,0.775,0.8732394366197183
0.6,0.0316,1.0,0.6883116883116883,0.8153846153846154
0.6,0.0316,1.0,0.7628865979381443,0.8654970760233918
0.6,0.0316,1.0,0.6453900709219859,0.7844827586206896
0.6,0.0316,1.0,0.7102803738317757,0.8306010928961749
0.6,0.0316,1.0,0.7142857142857143,0.8333333333333334
0.6,0.0316,1.0,0.6587301587301587,0.7942583732057417
0.6,0.0316,1.0,0.6909090909090909,0.8172043010752689
0.6,0.0316,0.34615384615384615,0.7012987012987013,0.463519313304721
0.6,0.0316,1.0,0.6779661016949152,0.8080808080808081
0.6,0.0316,1.0,0.5681818181818182,0.7246376811594203
0.6,0.0316,1.0,0.6407766990291263,0.7810650887573964
0.6,0.0316,0.5566037735849056,0.6413043478260869,0.5959595959595959
0.6,0.0316,1.0,0.6634615384615384,0.7976878612716763
0.6,0.0316,1.0,0.7142857142857143,0.8333333333333334
0.6,0.0316,1.0,0.6790123456790124,0.8088235294117647
0.6,0.0316,1.0,0.6111111111111112,0.7586206896551724
0.6,0.0316,1.0,0.6808510638297872,0.810126582278481
0.6,0.0316,1.0,0.6741573033707865,0.8053691275167785
0.6,0.0316,1.0,0.6126760563380281,0.759825327510917
0.6,0.0316,1.0,0.746031746031746,0.8545454545454545
0.6,0.0316,1.0,0.7388059701492538,0.8497854077253219
0.6,0.0316,1.0,0.7337278106508875,0.8464163822525598
0.6,0.0316,1.0,0.6608695652173913,0.7958115183246073
0.6,0.0316,1.0,0.7041420118343196,0.8263888888888888
0.6,0.0316,1.0,0.691358024691358,0.8175182481751825
0.6,0.0316,1.0,0.6057692307692307,0.7544910179640718
0.6,0.0316,1.0,0.6785714285714286,0.8085106382978723
0.6,0.0316,0.5909090909090909,0.65,0.6190476190476191
0.6,0.1,1.0,0.6346153846153846,0.7764705882352941
0.6,0.1,1.0,0.5754716981132075,0.7305389221556886
0.6,0.1,1.0,0.6686046511627907,0.8013937282229965
0.6,0.1,1.0,0.7077922077922078,0.8288973384030418
0.6,0.1,1.0,0.7222222222222222,0.8387096774193549
0.6,0.1,1.0,0.7238095238095238,0.8397790055248618
0.6,0.1,1.0,0.7094594594594594,0.8300395256916996
0.6,0.1,1.0,0.7440476190476191,0.8532423208191127
0.6,0.1,1.0,0.7032967032967034,0.8258064516129032
0.6,0.1,1.0,0.6583333333333333,0.7939698492462312
0.6,0.1,1.0,0.5625,0.72
0.6,0.1,1.0,0.6526315789473685,0.7898089171974523
0.6,0.1,1.0,0.7029702970297029,0.8255813953488372
0.6,0.1,0.5492957746478874,0.6554621848739496,0.5977011494252874
0.6,0.1,1.0,0.732824427480916,0.8458149779735683
0.6,0.1,1.0,0.6328125,0.7751196172248804
0.6,0.1,0.5655737704918032,0.6699029126213593,0.6133333333333333
0.6,0.1,1.0,0.52,0.6842105263157895
0.6,0.1,1.0,0.6203703703703703,0.7657142857142857
0.6,0.1,0.5357142857142857,0.759493670886076,0.6282722513089005
0.6,0.1,1.0,0.5869565217391305,0.7397260273972602
0.6,0.1,0.43478260869565216,0.6349206349206349,0.5161290322580645
0.6,0.1,1.0,0.5487804878048781,0.7086614173228346
0.6,0.1,1.0,0.59,0.7421383647798742
0.6,0.1,1.0,0.7318840579710145,0.8451882845188284
0.6,0.1,1.0,0.5846153846153846,0.7378640776699029
0.6,0.1,1.0,0.8169014084507042,0.8992248062015504
0.6,0.1,1.0,0.5981308411214953,0.7485380116959064
0.6,0.1,1.0,0.7047619047619048,0.8268156424581006
0.6,0.1,1.0,0.6914893617021277,0.8176100628930818
0.6,0.1,0.1793478260869565,0.673469387755102,0.2832618025751073
0.6,0.1,1.0,0.6642335766423357,0.7982456140350878
0.6,0.1,1.0,0.7073170731707317,0.8285714285714286
0.6,0.1,1.0,0.6666666666666666,0.8
0.6,0.1,1.0,0.632183908045977,0.7746478873239436
0.6,0.1,0.5970149253731343,0.6611570247933884,0.6274509803921569
0.6,0.1,1.0,0.6237623762376238,0.7682926829268293
0.6,0.1,1.0,0.6568627450980392,0.7928994082840237
0.6,0.1,1.0,0.656,0.7922705314009661
0.6,0.1,1.0,0.6518987341772152,0.789272030651341
0.6,0.1,0.5,0.6521739130434783,0.5660377358490566
0.6,0.1,1.0,0.6781609195402298,0.8082191780821918
0.6,0.1,1.0,0.6857142857142857,0.8135593220338984
0.6,0.1,1.0,0.7529411764705882,0.8590604026845637
0.6,0.1,1.0,0.7191011235955056,0.8366013071895425
0.6,0.1,1.0,0.6213592233009708,0.7664670658682635
0.6,0.1,1.0,0.6777777777777778,0.8079470198675497
0.6,0.1,1.0,0.6666666666666666,0.8
0.6,0.1,1.0,0.7079646017699115,0.8290155440414507
0.6,0.1,1.0,0.6885245901639344,0.8155339805825242
0.6,0.1,1.0,0.7101449275362319,0.8305084745762712
0.6,0.1,1.0,0.7894736842105263,0.8823529411764706
0.6,0.1,1.0,0.6166666666666667,0.7628865979381443
0.6,0.1,1.0,0.6615384615384615,0.7962962962962963
0.6,0.1,0.2682926829268293,0.6790123456790124,0.38461538461538464
0.6,0.1,1.0,0.7065217391304348,0.8280254777070064
0.6,0.1,1.0,0.6915887850467289,0.8176795580110497
0.6,0.1,1.0,0.6333333333333333,0.7755102040816326
0.6,0.1,1.0,0.6535433070866141,0.7904761904761904
0.6,0.1,0.5670103092783505,0.7333333333333333,0.6395348837209303
0.6,0.1,1.0,0.6060606060606061,0.7547169811320755
0.6,0.1,1.0,0.7107438016528925,0.8309178743961353
0.6,0.1,1.0,0.6451612903225806,0.7843137254901961
0.6,0.1,1.0,0.6407766990291263,0.7810650887573964
0.6,0.1,1.0,0.6487804878048781,0.7869822485207101
0.6,0.1,1.0,0.573170731707317,0.7286821705426356
0.6,0.1,0.2962962962962963,0.6779661016949152,0.41237113402061853
0.6,0.1,0.11794871794871795,0.6052631578947368,0.19742489270386265
0.6,0.1,1.0,0.6213592233009708,0.7664670658682635
0.6,0.1,1.0,0.6296296296296297,0.7727272727272727
0.6,0.1,1.0,0.6028368794326241,0.7522123893805309
0.6,0.1,1.0,0.6928104575163399,0.8185328185328186
0.6,0.1,1.0,0.728,0.8425925925925926
0.6,0.1,1.0,0.6148648648648649,0.7615062761506276
0.6,0.1,1.0,0.6438356164383562,0.7833333333333333
0.6,0.1,1.0,0.7294117647058823,0.8435374149659864
0.6,0.1,1.0,0.719626168224299,0.8369565217391305
0.6,0.1,1.0,0.6614173228346457,0.7962085308056872
0.6,0.1,1.0,0.6439393939393939,0.783410138248848
0.6,0.1,0.6397058823529411,0.7016129032258065,0.6692307692307692
0.6,0.316,1.0,0.6134453781512605,0.7604166666666666
0.6,0.316,1.0,0.7037037037037037,0.8260869565217391
0.6,0.316,1.0,0.6774193548387096,0.8076923076923077
0.6,0.316,1.0,0.6956521739130435,0.8205128205128205
0.6,0.316,0.4567901234567901,0.6271186440677966,0.5285714285714286
0.6,0.316,0.6618705035971223,0.6388888888888888,0.6501766784452296
0.6,0.316,1.0,0.7117117117117117,0.8315789473684211
0.6,0.316,1.0,0.6371681415929203,0.7783783783783784
0.6,0.316,0.5915492957746479,0.65625,0.6222222222222222
0.6,0.316,1.0,0.5952380952380952,0.746268656716418
0.6,0.316,0.43137254901960786,0.6984126984126984,0.5333333333333333
0.6,0.316,1.0,0.6178861788617886,0.7638190954773869
0.6,0.316,1.0,0.6682027649769585,0.8011049723756906
0.6,0.316,1.0,0.5983606557377049,0.7487179487179487
0.6,0.316,0.6272727272727273,0.7419354838709677,0.6798029556650246
0.6,0.316,1.0,0.626984126984127,0.7707317073170732
0.6,0.316,1.0,0.8053097345132744,0.8921568627450981
0.6,0.316,1.0,0.6336633663366337,0.7757575757575758
0.6,0.316,1.0,0.6888888888888889,0.8157894736842105
0.6,0.316,0.43373493975903615,0.5373134328358209,0.48
0.6,0.316,1.0,0.6444444444444445,0.7837837837837838
0.6,0.316,1.0,0.6728971962616822,0.8044692737430168
0.6,0.316,1.0,0.6712328767123288,0.8032786885245902
0.6,0.316,1.0,0.5714285714285714,0.7272727272727273
0.6,0.316,1.0,0.6788990825688074,0.8087431693989071
0.6,0.316,1.0,0.6521739130434783,0.7894736842105263
0.6,0.316,1.0,0.6470588235294118,0.7857142857142857
0.6,0.316,1.0,0.64,0.7804878048780488
0.6,0.316,1.0,0.6347826086956522,0.776595744680851
0.6,0.316,0.6453900709219859,0.7,0.6715867158671587
0.6,0.316,1.0,0.7581699346405228,0.862453531598513
0.6,0.316,1.0,0.6382978723404256,0.7792207792207793
0.6,0.316,1.0,0.578125,0.7326732673267327
0.6,0.316,0.46875,0.625,0.5357142857142857
0.6,0.316,1.0,0.7327586206896551,0.845771144278607
0.6,0.316,1.0,0.6666666666666666,0.8
0.6,0.316,1.0,0.6241610738255033,0.768595041322314
0.6,0.316,1.0,0.609375,0.7572815533980582
0.6,0.316,1.0,0.7416666666666667,0.8516746411483254
0.6,0.316,1.0,0.5846153846153846,0.7378640776699029
0.6,0.316,1.0,0.7266666666666667,0.8416988416988417
0.6,0.316,1.0,0.6956521739130435,0.8205128205128205
0.6,0.316,1.0,0.6463414634146342,0.7851851851851852
0.6,0.316,1.0,0.6893203883495146,0.8160919540229885
0.6,0.316,1.0,0.689873417721519,0.8164794007490637
0.6,0.316,1.0,0.7074829931972789,0.8286852589641435
0.6,0.316,1.0,0.7716535433070866,0.8711111111111111
0.6,0.316,1.0,0.8029197080291971,0.8906882591093117
0.6,0.316,1.0,0.6583333333333333,0.7939698492462312
0.6,0.316,1.0,0.5688073394495413,0.7251461988304093
0.6,0.316,1.0,0.6590909090909091,0.7945205479452054
0.6,0.316,1.0,0.6595744680851063,0.7948717948717948
0.6,0.316,1.0,0.6594202898550725,0.7947598253275109
0.6,0.316,1.0,0.6623376623376623,0.796875
0.6,0.316,1.0,0.6074074074074074,0.7557603686635944
0.6,0.316,1.0,0.6268656716417911,0.7706422018348624
0.6,0.316,1.0,0.5833333333333334,0.7368421052631579
0.6,0.316,1.0,0.6914893617021277,0.8176100628930818
0.6,0.316,1.0,0.7235772357723578,0.839622641509434
0.6,0.316,1.0,0.5783132530120482,0.732824427480916
0.6,0.316,1.0,0.6666666666666666,0.8
0.6,0.316,1.0,0.7339901477832512,0.8465909090909091
0.6,0.316,0.5,0.6363636363636364,0.56
0.6,0.316,1.0,0.6914893617021277,0.8176100628930818
0.6,0.316,1.0,0.6923076923076923,0.8181818181818182
0.6,0.316,1.0,0.6111111111111112,0.7586206896551724
0.6,0.316,1.0,0.6352941176470588,0.7769784172661871
0.6,0.316,1.0,0.7083333333333334,0.8292682926829268
0.6,0.316,1.0,0.6724137931034483,0.8041237113402062
0.6,0.316,1.0,0.7830188679245284,0.8783068783068783
0.6,0.316,1.0,0.636986301369863,0.7782426778242678
0.6,0.316,1.0,0.6388888888888888,0.7796610169491526
0.6,0.316,1.0,0.635593220338983,0.7772020725388601
0.6,0.316,1.0,0.6031746031746031,0.7524752475247525
0.6,0.316,1.0,0.6509433962264151,0.7885714285714286
0.6,0.316,0.5652173913043478,0.7090909090909091,0.6290322580645161
0.6,0.316,1.0,0.7391304347826086,0.85
0.6,0.316,1.0,0.6666666666666666,0.8
0.6,0.316,1.0,0.6222222222222222,0.7671232876712328
0.6,0.316,1.0,0.6888888888888889,0.8157894736842105
0.6,0.5,1.0,0.6756756756756757,0.8064516129032258
0.6,0.5,1.0,0.6846153846153846,0.8127853881278538
0.6,0.5,1.0,0.7581699346405228,0.862453531598513
0.6,0.5,1.0,0.6759776536312849,0.8066666666666666
0.6,0.5,1.0,0.7424242424242424,0.8521739130434782
0.6,0.5,0.23809523809523808,0.684931506849315,0.35335689045936397
0.6,0.5,1.0,0.6625,0.7969924812030075
0.6,0.5,1.0,0.5957446808510638,0.7466666666666667
0.6,0.5,1.0,0.573170731707317,0.7286821705426356
0.6,0.5,0.5514018691588785,0.7763157894736842,0.644808743169399
0.6,0.5,1.0,0.7086614173228346,0.8294930875576036
0.6,0.5,1.0,0.7236842105263158,0.8396946564885496
0.6,0.5,1.0,0.6923076923076923,0.8181818181818182
0.6,0.5,1.0,0.6521739130434783,0.7894736842105263
0.6,0.5,1.0,0.6702127659574468,0.802547770700637
0.6,0.5,1.0,0.7045454545454546,0.8266666666666667
0.6,0.5,1.0,0.6377952755905512,0.7788461538461539
0.6,0.5,1.0,0.6309523809523809,0.7737226277372263
0.6,0.5,1.0,0.7029702970297029,0.8255813953488372
0.6,0.5,1.0,0.753731343283582,0.8595744680851064
0.6,0.5,1.0,0.7218543046357616,0.8384615384615385
0.6,0.5,1.0,0.679144385026738,0.8089171974522293
0.6,0.5,1.0,0.7112676056338029,0.831275720164609
0.6,0.5,1.0,0.7383177570093458,0.8494623655913979
0.6,0.5,1.0,0.6666666666666666,0.8
0.6,0.5,1.0,0.6601941747572816,0.7953216374269005
0.6,0.5,1.0,0.7123287671232876,0.832
0.6,0.5,1.0,0.6419753086419753,0.7819548872180451
0.6,0.5,1.0,0.6330275229357798,0.7752808988764045
0.6,0.5,1.0,0.7029702970297029,0.8255813953488372
0.6,0.5,1.0,0.6888888888888889,0.8157894736842105
0.6,0.5,1.0,0.6682464454976303,0.8011363636363636
0.6,0.5,1.0,0.6363636363636364,0.7777777777777778
0.6,0.5,0.4782608695652174,0.6666666666666666,0.5569620253164557
0.6,0.5,1.0,0.6739130434782609,0.8051948051948052
0.6,0.5,1.0,0.6688741721854304,0.8015873015873016
0.6,0.5,1.0,0.75,0.8571428571428571
0.6,0.5,0.6195652173913043,0.6404494382022472,0.6298342541436464
0.6,0.5,1.0,0.6548672566371682,0.7914438502673797
0.6,0.5,0.4791666666666667,0.6216216216216216,0.5411764705882353
0.6,0.5,1.0,0.5737704918032787,0.7291666666666666
0.6,0.5,1.0,0.7073170731707317,0.8285714285714286
0.6,0.5,1.0,0.635036496350365,0.7767857142857143
0.6,0.5,1.0,0.7341772151898734,0.8467153284671532
0.6,0.5,1.0,0.6691176470588235,0.801762114537445
0.6,0.5,1.0,0.686046511627907,0.8137931034482758
0.6,0.5,1.0,0.6310679611650486,0.7738095238095238
0.6,0.5,1.0,0.6532258064516129,0.7902439024390244
0.6,0.5,1.0,0.6906474820143885,0.8170212765957446
0.6,0.5,1.0,0.6864406779661016,0.8140703517587939
0.6,0.5,0.45794392523364486,0.6533333333333333,0.5384615384615384
0.6,0.5,0.5737704918032787,0.6481481481481481,0.6086956521739131
0.6,0.5,1.0,0.5454545454545454,0.7058823529411765
0.6,0.5,1.0,0.7124183006535948,0.8320610687022901
0.6,0.5,1.0,0.6101694915254238,0.7578947368421053
0.6,0.5,0.25,0.7,0.3684210526315789
0.6,0.5,1.0,0.6153846153846154,0.7619047619047619
0.6,0.5,1.0,0.6826923076923077,0.8114285714285714
0.6,0.5,1.0,0.6193548387096774,0.7649402390438247
0.6,0.5,0.5213675213675214,0.7176470588235294,0.6039603960396039
0.6,0.5,1.0,0.7727272727272727,0.8717948717948718
0.6,0.5,1.0,0.5955056179775281,0.7464788732394366
0.6,0.5,1.0,0.603448275862069,0.7526881720430108
0.6,0.5,1.0,0.6627906976744186,0.7972027972027972
0.6,0.5,1.0,0.7357142857142858,0.8477366255144033
0.6,0.5,1.0,0.631578947368421,0.7741935483870968
0.6,0.5,1.0,0.6025641025641025,0.752
0.6,0.5,1.0,0.46236559139784944,0.6323529411764706
0.6,0.5,1.0,0.7010309278350515,0.8242424242424242
0.6,0.5,1.0,0.7375,0.8489208633093526
0.6,0.5,1.0,0.7211538461538461,0.8379888268156425
0.6,0.5,1.0,0.7125,0.8321167883211679
0.6,0.5,1.0,0.6517857142857143,0.7891891891891892
0.6,0.5,1.0,0.6666666666666666,0.8
0.6,0.5,1.0,0.6931818181818182,0.8187919463087249
0.6,0.5,1.0,0.7010309278350515,0.8242424242424242
0.6,0.5,0.48148148148148145,0.6753246753246753,0.5621621621621622
0.6,0.5,1.0,0.75,0.8571428571428571
0.6,0.5,1.0,0.6052631578947368,0.7540983606557377
0.6,0.5,0.5233644859813084,0.6666666666666666,0.5863874345549738
0.6,1.0,1.0,0.616,0.7623762376237624
0.6,1.0,1.0,0.6948051948051948,0.8199233716475096
0.6,1.0,1.0,0.6428571428571429,0.782608695652174
0.6,1.0,1.0,0.6129032258064516,0.76
0.6,1.0,1.0,0.6776315789473685,0.807843137254902
0.6,1.0,1.0,0.7034482758620689,0.8259109311740891
0.6,1.0,1.0,0.6410256410256411,0.78125
0.6,1.0,1.0,0.8064516129032258,0.8928571428571429
0.6,1.0,1.0,0.6382978723404256,0.7792207792207793
0.6,1.0,1.0,0.5752212389380531,0.7303370786516854
0.6,1.0,1.0,0.7478260869565218,0.8557213930348259
0.6,1.0,1.0,0.6057692307692307,0.7544910179640718
0.6,1.0,1.0,0.6788321167883211,0.808695652173913
0.6,1.0,1.0,0.6578947368421053,0.7936507936507936
0.6,1.0,1.0,0.7755102040816326,0.8735632183908046
0.6,1.0,1.0,0.6090909090909091,0.7570621468926554
0.6,1.0,1.0,0.6166666666666667,0.7628865979381443
0.6,1.0,1.0,0.6243093922651933,0.7687074829931972
0.6,1.0,1.0,0.5306122448979592,0.6933333333333334
0.6,1.0,1.0,0.6371681415929203,0.7783783783783784
0.6,1.0,1.0,0.6711409395973155,0.8032128514056225
0.6,1.0,0.4186046511627907,0.5217391304347826,0.4645161290322581
0.6,1.0,1.0,0.7029702970297029,0.8255813953488372
0.6,1.0,1.0,0.6951219512195121,0.8201438848920863
0.6,1.0,0.5648148148148148,0.6421052631578947,0.6009852216748769
0.6,1.0,1.0,0.6990291262135923,0.8228571428571428
0.6,1.0,0.47572815533980584,0.6282051282051282,0.5414364640883977
0.6,1.0,1.0,0.7534246575342466,0.859375
0.6,1.0,0.4731182795698925,0.7213114754098361,0.5714285714285714
0.6,1.0,1.0,0.6493506493506493,0.7874015748031497
0.6,1.0,1.0,0.6722689075630253,0.8040201005025126
0.6,1.0,1.0,0.7107438016528925,0.8309178743961353
0.6,1.0,0.43617021276595747,0.5942028985507246,0.5030674846625767
0.6,1.0,0.4444444444444444,0.5365853658536586,0.4861878453038674
0.6,1.0,1.0,0.7102272727272727,0.8305647840531561
0.6,1.0,1.0,0.6853932584269663,0.8133333333333334
0.6,1.0,1.0,0.624113475177305,0.7685589519650655
0.6,1.0,1.0,0.6521739130434783,0.7894736842105263
0.6,1.0,1.0,0.6890243902439024,0.8158844765342961
0.6,1.0,1.0,0.676923076923077,0.8073394495412844
0.6,1.0,1.0,0.7142857142857143,0.8333333333333334
0.6,1.0,1.0,0.6716417910447762,0.8035714285714286
0.6,1.0,1.0,0.5535714285714286,0.7126436781609196
0.6,1.0,1.0,0.7068965517241379,0.8282828282828283
0.6,1.0,1.0,0.6992481203007519,0.8230088495575221
0.6,1.0,1.0,0.7264957264957265,0.8415841584158416
0.6,1.0,1.0,0.6171875,0.7632850241545893
0.6,1.0,1.0,0.6099290780141844,0.7577092511013216
0.6,1.0,0.64,0.6233766233766234,0.631578947368421
0.6,1.0,1.0,0.5932203389830508,0.7446808510638298
0.6,1.0,1.0,0.6417910447761194,0.7818181818181819
0.6,1.0,0.40404040404040403,0.6451612903225806,0.4968944099378882
0.6,1.0,1.0,0.6666666666666666,0.8
0.6,1.0,1.0,0.6086956521739131,0.7567567567567568
0.6,1.0,1.0,0.6729559748427673,0.8045112781954887
0.6,1.0,1.0,0.631578947368421,0.7741935483870968
0.6,1.0,1.0,0.68,0.8095238095238095
0.6,1.0,1.0,0.65,0.7878787878787878
0.6,1.0,1.0,0.6636363636363637,0.7978142076502732
0.6,1.0,1.0,0.5882352941176471,0.7407407407407407
0.6,1.0,1.0,0.696969696969697,0.8214285714285714
0.6,1.0,1.0,0.5862068965517241,0.7391304347826086
0.6,1.0,1.0,0.6666666666666666,0.8
0.6,1.0,1.0,0.7132352941176471,0.8326180257510729
0.6,1.0,1.0,0.6190476190476191,0.7647058823529411
0.6,1.0,0.45,0.6081081081081081,0.5172413793103449
0.6,1.0,1.0,0.6758241758241759,0.8065573770491803
0.6,1.0,1.0,0.6506024096385542,0.7883211678832117
0.6,1.0,1.0,0.6619718309859155,0.7966101694915254
0.6,1.0,1.0,0.6481481481481481,0.7865168539325843
0.6,1.0,1.0,0.5471698113207547,0.7073170731707317
0.6,1.0,1.0,0.6078431372549019,0.7560975609756098
0.6,1.0,1.0,0.6544117647058824,0.7911111111111111
0.6,1.0,1.0,0.6601941747572816,0.7953216374269005
0.6,1.0,1.0,0.7032967032967034,0.8258064516129032
0.6,1.0,1.0,0.6363636363636364,0.7777777777777778
0.6,1.0,1.0,0.6388888888888888,0.7796610169491526
0.6,1.0,0.5050505050505051,0.6578947368421053,0.5714285714285714
0.6,1.0,0.5277777777777778,0.59375,0.5588235294117647
0.6,1.0,1.0,0.6476190476190476,0.7861271676300579
